comment,clean_comment,sentiment,score
"nyesal milih probowo,,, udah pak presiden urus aja negara kita sendiri",nyesal milih probowo udah pak presiden urus aja negara kita sendiri,Negative,-1
"Bisa bisanya ada presiden yg tampilan nya kaya  Soekarno, yg sangat2 haus validasi",bisa bisanya ada presiden yg tampilan nya kaya  soekarno yg sangat haus validasi,Neutral,0
Indonesia mlh diJadikn pion Israel,indonesia mlh dijadikn pion israel,Neutral,0
Sakit hati orang Indonesia lihat Israel Indonesia Amerika duduk bersama,sakit hati orang indonesia lihat israel indonesia amerika duduk bersama,Neutral,0
kayak orang bingung ga ada wibawanya...,kayak orang bingung ga ada wibawanya,Neutral,0
Ciri2 manusia yg punya nyali itu gk banyak omon2..,ciri manusia yg punya nyali itu gk banyak omon,Neutral,0
"Prabowo bela2in mau jd kacung Trump demi Indonesia guys, ini pengorbanan marwah yg mengharukan...<br>Kasihan Pak Prabowo.",prabowo belain mau jd kacung trump demi indonesia guys ini pengorbanan marwah yg mengharukankasihan pak prabowo,Neutral,0
"HaiiiLL Kaum Munafikuuunnn.. HaiiiLLL Antek2 ASSEEENNNGGGG.. <a href=""UCkszU2WH9gy1mb0dV-11UJg/b8IfY7zOK9iVkNAP_I2A-AY""></a>",haiiill kaum munafikuuunnn haiiilll antek asseeennngggg ,Neutral,0
Heiii antek antek aseeeeng😂,heiii antek antek aseeeeng,Neutral,0
Bahkan Presiden Pertama Indonesia ga Sudi mengakui negara Israel..ini malah duduk bareng ngopi sambil nyebat bareng..kalo bapak takut rakyat kenapa&quot; ajarin kami WAMIL pak DEMI ALLAH saya ga terima Bendera Merah Putih berkibar sejajar sama bendera penjajah Israel.,bahkan presiden pertama indonesia ga sudi mengakui negara israelini malah duduk bareng ngopi sambil nyebat barengkalo bapak takut rakyat kenapaquot ajarin kami wamil pak demi allah saya ga terima bendera merah putih berkibar sejajar sama bendera penjajah israel,Neutral,0
udh di pilih jadi penghianat rakyat rupa nya. .. aseng aseng sekarang jadi babu asing,udh di pilih jadi penghianat rakyat rupa nya  aseng aseng sekarang jadi babu asing,Neutral,0
disuruh pegang map hati saya sakit,disuruh pegang map hati saya sakit,Neutral,0
"<a href=""https://www.youtube.com/watch?v=_0eSyCd4nrs&amp;t=173"">2:53</a> Mau-mau nya Pak disuruh Pegangin Map... Lihat gesture dr Donal Bebek sangat2 merendahkan mu Pak.. mau dikemanakan wajah Negeri ini..<br><br>SEGERA KELUAR DARI BOARD OF WAR", maumau nya pak disuruh pegangin map lihat gesture dr donal bebek sangat merendahkan mu pak mau dikemanakan wajah negeri inisegera keluar dari board of war,Neutral,0
Antek2 aSing katanyaa,antek asing katanyaa,Neutral,0
Anda layak jadi presiden terbaik seluruh dunia,anda layak jadi presiden terbaik seluruh dunia,Positive,1
Luar biasa,luar biasa,Neutral,0
"Seluruh rakyat indonesia terlecehkan gara2 beliau, semakin tua kok semakin jd penakut....",seluruh rakyat indonesia terlecehkan gara beliau semakin tua kok semakin jd penakut,Neutral,0
Selamat anda sudah berhasil mengikuti siasat dajjal.,selamat anda sudah berhasil mengikuti siasat dajjal,Neutral,0
Dikelilingi buzzer cik woilah😹😹,dikelilingi buzzer cik woilah,Neutral,0
Duit rakyat dikasihkan ke Trump....haram dan tidak ikhlas..... tanpa persetujuan rakyat...haram dan haram.,duit rakyat dikasihkan ke trumpharam dan tidak ikhlas tanpa persetujuan rakyatharam dan haram,Positive,1
😂,,Neutral,0
Bort of face adalah program/organisasi kedok mamarika yg mengatasnamakan kemanusiaan...... presiden Rusia jauh lebih hebat karna ga mau gabung aliansi mamarika yg ada Israel nya...Rusia mau gabung kalo dalam organisasi tersebut ada negara Palestina ini ga ada .....tapi presiden Indonesia malah dengan bangga satu meja sama babi Israel,bort of face adalah programorganisasi kedok mamarika yg mengatasnamakan kemanusiaan presiden rusia jauh lebih hebat karna ga mau gabung aliansi mamarika yg ada israel nyarusia mau gabung kalo dalam organisasi tersebut ada negara palestina ini ga ada tapi presiden indonesia malah dengan bangga satu meja sama babi israel,Positive,2
Jangan harap jadi presiden lagi di 2029 sebagai pendukung saya murka sama penghianat,jangan harap jadi presiden lagi di  sebagai pendukung saya murka sama penghianat,Neutral,0
"Awalnya saya optimis dng BOP namun setelah AS menyerang Iran saya jd berpikir kenapa setelah BOP ditanda tangani &amp; memuji Presiden Prabowo setinggi langit ( pasti ada maunya), tdk lama kmdn Trump menyerang Iran, jangan jangan itu memang strategi Trump menunggu saat yg tepat u/ menyerang.<br>Begitu bop di TT, tdk menunggu wkt lama setelahnya, semua disikat habis. Pasti mrk sdh menyiapkan strategi tsb dng matang. Disini kita menyadari bhw posisi Indonesia &quot;Sangat Menentukan&quot;. Niat Pres.kita bertujuan baik u/ mengerem arogansi &amp; kekacauan dunia.<br>Sebetulnya agak mengecewakan, AS yg menggagas, AS pula yg melanggar komitmen, tdk konsekuen, tdk pakai mikir dampaknya bagi dunia. Visi misi bop itu apa sih?<br>Semoga Tuhan tetap menolong Bangsa Indonesia atas niat baik &amp; ketulusan Presiden kita.<br>Rancangan Tuhan bukanlah rancangan manusia.",awalnya saya optimis dng bop namun setelah as menyerang iran saya jd berpikir kenapa setelah bop ditanda tangani amp memuji presiden prabowo setinggi langit  pasti ada maunya tdk lama kmdn trump menyerang iran jangan jangan itu memang strategi trump menunggu saat yg tepat u menyerangbegitu bop di tt tdk menunggu wkt lama setelahnya semua disikat habis pasti mrk sdh menyiapkan strategi tsb dng matang disini kita menyadari bhw posisi indonesia quotsangat menentukanquot niat preskita bertujuan baik u mengerem arogansi amp kekacauan duniasebetulnya agak mengecewakan as yg menggagas as pula yg melanggar komitmen tdk konsekuen tdk pakai mikir dampaknya bagi dunia visi misi bop itu apa sihsemoga tuhan tetap menolong bangsa indonesia atas niat baik amp ketulusan presiden kitarancangan tuhan bukanlah rancangan manusia,Positive,1
Fokus pada kemajuan bangsa melalui dukungan program MBG dan BOP; jangan terpengaruh permainan yang merusak kesatuan,fokus pada kemajuan bangsa melalui dukungan program mbg dan bop jangan terpengaruh permainan yang merusak kesatuan,Positive,1
Cuih anjiing ko bisa2 nya di si omon,cuih anjiing ko bisa nya di si omon,Neutral,0
Boneka,boneka,Neutral,0
"kesini gegara liat di medsos sebelah, mao mastiib beneran apa editan, ooh ternyata beneran ya di suruh bawain map...",kesini gegara liat di medsos sebelah mao mastiib beneran apa editan ooh ternyata beneran ya di suruh bawain map,Neutral,0
Sejauh ini cuman dia yg makin jauh 😂😂😂,sejauh ini cuman dia yg makin jauh ,Neutral,0
Para pejabat sudah tradisi Mengabaikan kritikan hinaan <br><br>Bukan mencari solusi apa sebab itu terjadi .<br><br>Meraka tegak lurus dgn tujuan sendiri tanpa melibatkan saran kemauan rakyat yg sebenarnya,para pejabat sudah tradisi mengabaikan kritikan hinaan bukan mencari solusi apa sebab itu terjadi meraka tegak lurus dgn tujuan sendiri tanpa melibatkan saran kemauan rakyat yg sebenarnya,Neutral,0
Setahu saya pak Bowo bilang kalau mau nyerang Iran Berhadapan dengan saya ... Gimana itu tanggapanya ...itu pak orang yg nyerang sudah ada di hadapan bapak,setahu saya pak bowo bilang kalau mau nyerang iran berhadapan dengan saya  gimana itu tanggapanya itu pak orang yg nyerang sudah ada di hadapan bapak,Neutral,0
Sampai bertemu di akhirat wowo🙃,sampai bertemu di akhirat wowo,Neutral,0
Nyesal pilih prabowo di pilpres kemarin,nyesal pilih prabowo di pilpres kemarin,Negative,-1
BOARD OF PEACE <br>Forum gerakan penjajah mengumpulkan dana dan dukungan dari para pemimpin dunia.<br>Berkedok Membela Perdamaian Dunia,board of peace forum gerakan penjajah mengumpulkan dana dan dukungan dari para pemimpin duniaberkedok membela perdamaian dunia,Neutral,0
Negara yg paling besar jugax Rusia juga gax percaya sama as jugax,negara yg paling besar jugax rusia juga gax percaya sama as jugax,Neutral,0
Wadu as mah jaga percaya,wadu as mah jaga percaya,Neutral,0
"Saya mengerti bagaimana tekan langsung as terhadap bapak presiden saat ini. Tapi tolong jangan terus menerus ikut hasutan amerika pak. Sudah cukup tambang kita dulu terus dikeruk negara lain. Apalagi sekarang lagi heboh perang dimana-mana. Lebih baik mulai menutup gerbang mengasingkan sejenak dari nuansa luar, kita masih banyak perlu untuk dibenahi. Masih banyak kemiskinan, masih banyak pengangguran, hukum tidak merata dengan baik, dll.. stop pak bangun please jangan nyerah gitu saja, bapak pasti bisa membawa Indonesia ke gerbang ke emasanya. Kita Indonesia sudah saatnya memuliakan dulu rakyat Indonesia dari segala sektor. Please tinggal dulu urusan luar. Banyak contoh negara yang menutup gerbang sekarang sudah menjadi negara maju. Mau sampai kapan tiap waktu pemerintah debat terus menerus ujung-ujungnya saling menjatuhkan. Tolong segara pulihkan Indonesia ku ini pak. semoga saja bapak presiden RI sekarang disehatkan selalu. Amiin",saya mengerti bagaimana tekan langsung as terhadap bapak presiden saat ini tapi tolong jangan terus menerus ikut hasutan amerika pak sudah cukup tambang kita dulu terus dikeruk negara lain apalagi sekarang lagi heboh perang dimanamana lebih baik mulai menutup gerbang mengasingkan sejenak dari nuansa luar kita masih banyak perlu untuk dibenahi masih banyak kemiskinan masih banyak pengangguran hukum tidak merata dengan baik dll stop pak bangun please jangan nyerah gitu saja bapak pasti bisa membawa indonesia ke gerbang ke emasanya kita indonesia sudah saatnya memuliakan dulu rakyat indonesia dari segala sektor please tinggal dulu urusan luar banyak contoh negara yang menutup gerbang sekarang sudah menjadi negara maju mau sampai kapan tiap waktu pemerintah debat terus menerus ujungujungnya saling menjatuhkan tolong segara pulihkan indonesia ku ini pak semoga saja bapak presiden ri sekarang disehatkan selalu amiin,Positive,2
"ayo para buzzer bayaran,komen menjilat terus,jilat,jilat,jilat",ayo para buzzer bayarankomen menjilat terusjilatjilatjilat,Neutral,0
"Kami sebagai rakyat Indonesia tidak Sudi dan sangat kecewa,anda tersenyum dengan para penjajah negara Islam,kami masyarakat Indonesia jika diizinkan kelah di akhirat,kami akan bersaksi bahwa anda adalah pemimpin yang dzalim,Dzalim,Dzalim",kami sebagai rakyat indonesia tidak sudi dan sangat kecewaanda tersenyum dengan para penjajah negara islamkami masyarakat indonesia jika diizinkan kelah di akhiratkami akan bersaksi bahwa anda adalah pemimpin yang dzalimdzalimdzalim,Negative,-1
Dia yg menjamin keamanan israel,dia yg menjamin keamanan israel,Neutral,0
Presiden Indonesia bangga di puji kepalsuan,presiden indonesia bangga di puji kepalsuan,Positive,1
Anda wahai pak Prabowo seorang presiden...masa seperti office boy....??? meskipun kita Indonesia kekuatan tempur GK seperti MRK..tp tolong hargai rakyatmu ato atas nama bangsa Indonesia......dsruh Donal bebek pegang mau aja.....tolong jaga wibawa anda atas nama Indonesia.....masih berwibawa pak Jokowi....,anda wahai pak prabowo seorang presidenmasa seperti office boy meskipun kita indonesia kekuatan tempur gk seperti mrktp tolong hargai rakyatmu ato atas nama bangsa indonesiadsruh donal bebek pegang mau ajatolong jaga wibawa anda atas nama indonesiamasih berwibawa pak jokowi,Neutral,0
Malaysia aja menolak untuk bergabung BOP,malaysia aja menolak untuk bergabung bop,Neutral,0
Hei antek antek Trump 😂😂😂😂,hei antek antek trump ,Neutral,0
Urusan dalam negeri beresin pak...mana janji janjinya ketika pemilu ??<br>Jangan hanya omon omon tanpa bukti..hanya obral janji,urusan dalam negeri beresin pakmana janji janjinya ketika pemilu jangan hanya omon omon tanpa buktihanya obral janji,Neutral,0
semangat..untuk mimpi buruk,semangatuntuk mimpi buruk,Neutral,0
"Ini lah yg say sesalkan, kenapa pak prabowo sampek gabung dgn BOP bentukan as yg disitu ada israel juga, huuuuft..aneh bwanget",ini lah yg say sesalkan kenapa pak prabowo sampek gabung dgn bop bentukan as yg disitu ada israel juga huuuuftaneh bwanget,Neutral,0
Ternyata didunia ini banyak yg omon omon,ternyata didunia ini banyak yg omon omon,Neutral,0
SEMOGA NIAT RAKYAT SEGERA TERWUJUD MELALUI BAPAK PRABOWO DEMI KEMERDEKAAN PALESTINA !!! <br>GUNAKAN DENGAN BAIK CARA KAMUFLASE MILITER DEMI KEPENTINGAN PERDAMAIAN PALESTINA <br>KAMI PAHAM TUJUAN BAPAK,semoga niat rakyat segera terwujud melalui bapak prabowo demi kemerdekaan palestina  gunakan dengan baik cara kamuflase militer demi kepentingan perdamaian palestina kami paham tujuan bapak,Neutral,0
😢😢😢,,Neutral,0
ngabisin duit rakyat aja kau wowo...,ngabisin duit rakyat aja kau wowo,Neutral,0
"<a href=""https://www.youtube.com/watch?v=XVDQv8q1oT4"">https://youtu.be/XVDQv8q1oT4?si=SGRlLl6v6Ed5rwub</a>",,Neutral,0
Yaahh masuk jebakan deh,yaahh masuk jebakan deh,Neutral,0
"Walopun saya itu bukan pendukung pak prabowo, tp sebagai warga negara saya merasa agak sakit hati dengan tingkah trump. Diminta memegangkan sendiri dokumen lalu ditinggal sendiri. Menurut saya dengan keseteraan sebagai kepala negara, seharusnya tidak berjalan seperti itu. Itu menurut saya.",walopun saya itu bukan pendukung pak prabowo tp sebagai warga negara saya merasa agak sakit hati dengan tingkah trump diminta memegangkan sendiri dokumen lalu ditinggal sendiri menurut saya dengan keseteraan sebagai kepala negara seharusnya tidak berjalan seperti itu itu menurut saya,Neutral,0
Dikadalin mau aj,dikadalin mau aj,Neutral,0
KALIAN BISANYA NYINYIR KALIAN SUDAH LIAT APA YANG TERJADI TERHADAP PRESIDEN (Mantan) MADURO &amp; AYATOLLAH (Mantan) ALI KHAMENEI⁉️ masih buta kalian,kalian bisanya nyinyir kalian sudah liat apa yang terjadi terhadap presiden mantan maduro amp ayatollah mantan ali khamenei masih buta kalian,Neutral,0
Ngerasa bangga lu gitu?,ngerasa bangga lu gitu,Positive,1
"Pak Indonesia akan lebih bisa berbuat banyak untuk perdamaian dunia asal Indonesia makin kuat dan mandiri secara ekonomi,militer dan rakyat yang sejahtera agar tidak mudah di provokasi negara lain yang menginginkan Negara kita lemah.<br><br>Pak kalau bisa nilai tukar Rupiah itu harus di kuatkan biar jika kita memiliki pendapatan Tahunan dalam bentuk Rupiah dan kita tukar ke dollar karena jika kita terpaksa impor dari luar negeri daya beli kita tidak lemah atau bisa borong banyak barang.<br>Anggap saja pendapatan Indonesia pada akhir Tahun 2026 Rp4.000 Triliun dan US$1=Rp10.000,maka pendapatan Indonesia pada Tahun 2026=US$400 Miliar dollar.tapi jika US$1=Rp15.000,maka cuman setara US$266,6 Miliar dollar.<br>Lagian kalau kita borong Rafale F4,JF-17 Blok3,Akinci dan Scorpene evolved kan pakai dollar,biar bisa borong lebih banyak.sekalian Pak Tolong Jet Tempur I-22 Sikatan Info Global itu di lirik,kalau perlu di bantu karena model bagus dan saya sudah kasih masukan mengenai dimensi panjang lebar mirip KAAN/F-22 tapi Mesin Super manuver yang di pakai SU-57 yaitu Izdeliye 30.maaf kalau SU-57 body terlalu panjang jadi untuk manuver balik badan mungkin agak lambat,tapi Mesinnya super manuver,kalau di pasang di KAAN/Sikatan tentu lebih bermanuver.<br><br>Pak kalau bisa di usahakan Tarif dagang dengan Amerika itu 0% atau maksimal 10% biar harga produk kita laku terjual di Amerika dan kemungkinan bisa menaikan nilai Rupiah juga,agar harga barang di dalam negeri terjangkau rakyat kita.&quot;karena kalau kita kena tarif dagang terlalu tinggi kemungkinan besar dapat melemahkan nilai Rupiah&quot;.<br><br>Dan Pak kalau bisa jangan impor apapun dari luar negeri selama di dalam negeri kita bisa produksi sendiri contohnya mobil,motor,kereta api,elektronik,pakaian,tas,sepatu dll agar pabrik-pabrik di dalam negeri sehat dan rakyat kita bisa dapat lapangan pekerjaan tidak nganggur karena phk massal.&quot;karena kalau terlalu banyak impor kemungkinan besar dapat melemahkan nilai tukar Rupiah&quot;.<br>Kalau terpaksa impor atau imbal dagang,impor saja yang kita belum bisa bikin semacam rudal,pesawat tempur,Pembom,Fregat dan kapal selam yang penting ToT karena kita belum bisa sepenuhnya dan butuh patner untuk mengembangkan teknologi tinggi.<br>atau impor dari luar negeri tapi yang berupa masih mentah agar kita bisa kembangkan jadi produk yang lebih mahal,lalu kita jual kembali ke negara ke-3.contohnya kedelai Amerika kita bikin Tempe dalam kemasan lalu jual kembali ke Eropa,Timor Tengah dan Asia Timur.",pak indonesia akan lebih bisa berbuat banyak untuk perdamaian dunia asal indonesia makin kuat dan mandiri secara ekonomimiliter dan rakyat yang sejahtera agar tidak mudah di provokasi negara lain yang menginginkan negara kita lemahpak kalau bisa nilai tukar rupiah itu harus di kuatkan biar jika kita memiliki pendapatan tahunan dalam bentuk rupiah dan kita tukar ke dollar karena jika kita terpaksa impor dari luar negeri daya beli kita tidak lemah atau bisa borong banyak baranganggap saja pendapatan indonesia pada akhir tahun  rp triliun dan usrpmaka pendapatan indonesia pada tahun us miliar dollartapi jika usrpmaka cuman setara us miliar dollarlagian kalau kita borong rafale fjf blokakinci dan scorpene evolved kan pakai dollarbiar bisa borong lebih banyaksekalian pak tolong jet tempur i sikatan info global itu di lirikkalau perlu di bantu karena model bagus dan saya sudah kasih masukan mengenai dimensi panjang lebar mirip kaanf tapi mesin super manuver yang di pakai su yaitu izdeliye maaf kalau su body terlalu panjang jadi untuk manuver balik badan mungkin agak lambattapi mesinnya super manuverkalau di pasang di kaansikatan tentu lebih bermanuverpak kalau bisa di usahakan tarif dagang dengan amerika itu  atau maksimal  biar harga produk kita laku terjual di amerika dan kemungkinan bisa menaikan nilai rupiah jugaagar harga barang di dalam negeri terjangkau rakyat kitaquotkarena kalau kita kena tarif dagang terlalu tinggi kemungkinan besar dapat melemahkan nilai rupiahquotdan pak kalau bisa jangan impor apapun dari luar negeri selama di dalam negeri kita bisa produksi sendiri contohnya mobilmotorkereta apielektronikpakaiantassepatu dll agar pabrikpabrik di dalam negeri sehat dan rakyat kita bisa dapat lapangan pekerjaan tidak nganggur karena phk massalquotkarena kalau terlalu banyak impor kemungkinan besar dapat melemahkan nilai tukar rupiahquotkalau terpaksa impor atau imbal dagangimpor saja yang kita belum bisa bikin semacam rudalpesawat tempurpembomfregat dan kapal selam yang penting tot karena kita belum bisa sepenuhnya dan butuh patner untuk mengembangkan teknologi tinggiatau impor dari luar negeri tapi yang berupa masih mentah agar kita bisa kembangkan jadi produk yang lebih mahallalu kita jual kembali ke negara kecontohnya kedelai amerika kita bikin tempe dalam kemasan lalu jual kembali ke eropatimor tengah dan asia timur,Positive,2
"Dan sekarang mereka (US-Israel) menyerang Iran (massive  combat operations), minta tentara dan polisi Iran melucuti senjata, rakyat Iran sembunyi karena akan bahaya di luar, bom dimana-mana, dan membangun ulang negara berdaulat setelah pemerintahannya di turunkan  nanti (Irak Jilid 2).<br><br>Mau dibawa kemana negara ini Jenderal?",dan sekarang mereka usisrael menyerang iran massive  combat operations minta tentara dan polisi iran melucuti senjata rakyat iran sembunyi karena akan bahaya di luar bom dimanamana dan membangun ulang negara berdaulat setelah pemerintahannya di turunkan  nanti irak jilid mau dibawa kemana negara ini jenderal,Neutral,0
"Kayaknya Indonesia di bodohin ama AS.  Indonesia siap kirim 8ribu tni untuk misi kedamaian. Tpi itu hanya modus biar hamas tidak nyerang israel, karena pasukan israel dan AS mau nyerang iran. Klo tni ngk jadi terjun ke gaza pasti israel dan as  tidak mungkin berani nyerang iran. Maaf itu apa kata di otakku",kayaknya indonesia di bodohin ama as  indonesia siap kirim ribu tni untuk misi kedamaian tpi itu hanya modus biar hamas tidak nyerang israel karena pasukan israel dan as mau nyerang iran klo tni ngk jadi terjun ke gaza pasti israel dan as  tidak mungkin berani nyerang iran maaf itu apa kata di otakku,Negative,-1
"<a href=""http://www.youtube.com/results?search_query=%23free"">#free</a> palestina#🇵🇸",free palestina,Neutral,0
Jauh2 keluar negeri cuma jadi kacung disuruh2 sama sitrump😂😂😂...dipalak juga 17t...dasar presiden terburuk sepanjang sejarah,jauh keluar negeri cuma jadi kacung disuruh sama sitrumpdipalak juga tdasar presiden terburuk sepanjang sejarah,Negative,-2
Isi komen cuma para buzzer doang. Pecitraan😂,isi komen cuma para buzzer doang pecitraan,Neutral,0
"Prabowo itu sama anak SD pun di hina gara² MBG roti seribuan dan jeruk busuk😂, hadeh ko makin ke sini presiden makin parah",prabowo itu sama anak sd pun di hina gara mbg roti seribuan dan jeruk busuk hadeh ko makin ke sini presiden makin parah,Negative,-1
Woi pak Prabowo jangan sekongkol dengan Israel dong gila nyawit nih orang di situ ada negara Amerika lagi yang berteman dengan Israel gak kasihan apa di palestina sana mikir dong pak sawit mikir mikir kids 👉😜,woi pak prabowo jangan sekongkol dengan israel dong gila nyawit nih orang di situ ada negara amerika lagi yang berteman dengan israel gak kasihan apa di palestina sana mikir dong pak sawit mikir mikir kids ,Neutral,0
Indonesia negara dengan penghasilan pentani dari hasil sawah . beras jangan beli di Amerika pak .. jangan beli dari Amerika pak ..,indonesia negara dengan penghasilan pentani dari hasil sawah  beras jangan beli di amerika pak  jangan beli dari amerika pak ,Neutral,0
Para budaknya Dajjal kecil. <br>Rela menukar kemanusiaan demi hal duniawi,para budaknya dajjal kecil rela menukar kemanusiaan demi hal duniawi,Neutral,0
Ya Allah. Saya tidak berpihak kepada israel.😢<br>Jgn jadikan saya rakyat biasa  di anggap setuju dgn pemimpin kami.,ya allah saya tidak berpihak kepada israeljgn jadikan saya rakyat biasa  di anggap setuju dgn pemimpin kami,Positive,1
Menuju Masyarakat Adil Makmur dan Sejahterah,menuju masyarakat adil makmur dan sejahterah,Neutral,0
HEYY..... ANTEK ANTEK ASING,heyy antek antek asing,Neutral,0
"Trump : hbs ini fotokopiin 15 lembar, sisanya buat lo jajan",trump  hbs ini fotokopiin  lembar sisanya buat lo jajan,Neutral,0
Ciye satu tim sama Israel,ciye satu tim sama israel,Neutral,0
Komen full buzzer gilaa😂,komen full buzzer gilaa,Neutral,0
Indonesia gabung dengan penjahat dunia untuk ikut menjajah dan merampok wilayah Palestina terutama di gaza....,indonesia gabung dengan penjahat dunia untuk ikut menjajah dan merampok wilayah palestina terutama di gaza,Neutral,0
"Pak prabowo tanggapi vidio ini ...sebelum penyesalan terjadi ...<br><a href=""https://www.youtube.com/shorts/t2_EfBKga8k"">https://youtube.com/shorts/t2_EfBKga8k?si=BA1rCun9ALdhJvmm</a>",pak prabowo tanggapi vidio ini sebelum penyesalan terjadi ,Negative,-1
"ditunggu seluruh masyarakat indonesia ya pak, sampai ketemu diakhirat prabowo, silahkan pertanggung jawabkan keputusan anda selama ini",ditunggu seluruh masyarakat indonesia ya pak sampai ketemu diakhirat prabowo silahkan pertanggung jawabkan keputusan anda selama ini,Neutral,0
"Presiden cuma bacot, mending mundur saja klo gak bisa urus negara",presiden cuma bacot mending mundur saja klo gak bisa urus negara,Negative,-2
Pengkhianat🤮🤮🤮,pengkhianat,Negative,-1
"disuruh bawa map, kayak dibully......direndahin banget",disuruh bawa map kayak dibullydirendahin banget,Neutral,0
Jir banyak buzzer 😂😂😂,jir banyak buzzer ,Neutral,0
Masuk jebakan trump,masuk jebakan trump,Neutral,0
"Masukkk jebakan amerika dan israel,BODOHHHHHHH😢",masukkk jebakan amerika dan israelbodohhhhhhh,Negative,-1
"Rakyat indonesia TERTIPU dengan gebrakan podium saat kampanye ANTI ASING,eh dia malah jadi anjing penjilat pantat si trump/amerika🤣.",rakyat indonesia tertipu dengan gebrakan podium saat kampanye anti asingeh dia malah jadi anjing penjilat pantat si trumpamerika,Negative,-2
Saya pengin diposisi Pak Prabowo. Itu kata Anis Baswedan..&quot;,saya pengin diposisi pak prabowo itu kata anis baswedanquot,Neutral,0
"Punya presiden gini amat omongan sama tindakan tidak singkron, katanya jg impor eh impor 1000 ton beras, hadeh hadeh",punya presiden gini amat omongan sama tindakan tidak singkron katanya jg impor eh impor  ton beras hadeh hadeh,Neutral,0
Kenapa sampai saat ini tidak ada lagi kejelasan mengenai pengesahan RUU perampasan aset Pak ?<br>‎<br>‎Apakah bapak punya histori korupsi dan diam-diam mendukung tindakan anjing-anjing parlemen untuk mengabaikan/menggagalkan RUU tersebut ?,kenapa sampai saat ini tidak ada lagi kejelasan mengenai pengesahan ruu perampasan aset pak apakah bapak punya histori korupsi dan diamdiam mendukung tindakan anjinganjing parlemen untuk mengabaikanmenggagalkan ruu tersebut ,Negative,-3
Komenan nya pada bagus bagus apa iya rakyat kaya nya yang komen bukan eee?,komenan nya pada bagus bagus apa iya rakyat kaya nya yang komen bukan eee,Positive,1
Saya kok aneh banget posisi pak presiden kan harusnya di tengah2 bukan di pinggir 🙏😂😂😂😂,saya kok aneh banget posisi pak presiden kan harusnya di tengah bukan di pinggir ,Neutral,0
"Keliatan banget badutnya sekarang, baru di puji&quot; sudah besar kepala",keliatan banget badutnya sekarang baru di pujiquot sudah besar kepala,Neutral,0
"Assalamualaikum,wr.wb.<br> Amerika dan Israel vs Iran.<br><br>Bahwasannya tentara indonesia akan dikirim keperbatasan antara Israel dan Palestina untuk misi perdamaian.<br><br>kapal perang Amerika sudah masuk kewilayah timur tengah untuk menekan atau opsi berperang dengan Iran.<br><br>Maksud dalam pengamatan saya Tentara Nasional Indonesia dijadikan alat yang menguntungkan Amerika dan Israel sepertinya memang sangat menginginkan untuk mengisi kekosongan tentara diisrael, ketika Amerika dan Israel dengan secara bebas menyerang Iran.<br><br>Dalam berita lain pemerintah diisrael meningkan warganya diwajibkan untuk ikut kegiatan mileter, sudah jelas arahnya untuk apa<br><br>Ini sepertinya sudah jelas arah mau kemana Amerika dan Israel dalam posisi TNI, untuk amankan Israel dan menghancurkan Iran.<br><br>Sedangkan PBB saja Amerika dan Israel tidak patuh terhadap hukum international.<br><br>Jadi harus jelas kalaupun jadi pengiriman tentara Nasional Indonesia untuk misi perdamaian atau sejatinya kemerdekaan untuk rakyat palestina.",assalamualaikumwrwb amerika dan israel vs iranbahwasannya tentara indonesia akan dikirim keperbatasan antara israel dan palestina untuk misi perdamaiankapal perang amerika sudah masuk kewilayah timur tengah untuk menekan atau opsi berperang dengan iranmaksud dalam pengamatan saya tentara nasional indonesia dijadikan alat yang menguntungkan amerika dan israel sepertinya memang sangat menginginkan untuk mengisi kekosongan tentara diisrael ketika amerika dan israel dengan secara bebas menyerang irandalam berita lain pemerintah diisrael meningkan warganya diwajibkan untuk ikut kegiatan mileter sudah jelas arahnya untuk apaini sepertinya sudah jelas arah mau kemana amerika dan israel dalam posisi tni untuk amankan israel dan menghancurkan iransedangkan pbb saja amerika dan israel tidak patuh terhadap hukum internationaljadi harus jelas kalaupun jadi pengiriman tentara nasional indonesia untuk misi perdamaian atau sejatinya kemerdekaan untuk rakyat palestina,Neutral,0
&quot;Hay antek antek asing&quot;😂 makan ludah sendiri perjanjian bodoh di atas jutaan nyawa yang melayang,quothay antek antek asingquot makan ludah sendiri perjanjian bodoh di atas jutaan nyawa yang melayang,Negative,-1
Semoga Allah swt slalu melindungi.. Sehat slalu buat Bapak 🙏,semoga allah swt slalu melindungi sehat slalu buat bapak ,Positive,2
"<a href=""https://www.youtube.com/shorts/LiVJDGSuW6w"">https://youtube.com/shorts/LiVJDGSuW6w?si=DLKYObZBmnDqRZdt</a><br><br>Semangat terus bapak, saya yakin bapak tulus", terus bapak saya yakin bapak tulus,Positive,1
"KORUPSI...<br>Aset&#39; Tanah Milik Pemprov Lampung Sertipikat Hak Pakai SHP No 03 Desa Sabah Balau Lampung Selatan , Habis Terjual di Kapling²kan.<br>Di Duga di Jual  Fahrizal Darminto CS Mantan Sekda Prov Lampung. <br><br>Pemecahan Sertipikat SHP No 03 Itu di Ajukan Oleh MORINDO KURNIAWAN Kepala BPKAD Prov Lampung Kini Menjabat Sekda Prov Lampung, di Duga Ada MENS REA Nya.<br>Bukti Arsip Ada di Kantor BPN Kab Lampung Selatan.<br><br><br>Pemecahan Sertipikat SHP No 03 itu di Bagikan Pada Pegawai² di Pemprov Lampung yg Lunas Bayar di Potong Gajih &amp; Kini Resah Minta Balik Nama Sertipikat Nya<br><br>KORUPSI Menjual Aset Pemprov Lampung Itu.<br>Negara / Pemprov Lampung Di Rugikan Rp 65 M. (Enam Puluh Lima Miliyar Rupiah).<br><br>Tanah² Masarakat Penggarap yg Telah di Kelola / di Garap Sejak Thn 1988 &amp;:Memiliki Srt Alas Hak Nya Yg Lokasi Nya Berbatasan Dgn  Tanah Sertipikat SHP No 03 itu Pada Tgl 12/2/ 2025. Jadi Sasaran di SEROBOT Paksa dgn Kekerasan &amp; Telah Menghancurkan 43 Rumah Tempat Tinggal Milik Masarakat Peenggarap  Pakai Alat Eksavator. <br><br>Tanah² Milik Masyarakat Penggarap Itu di Serobot Utk Menggantikan Aset Tanah Pemprov Lampung Yg Telah Habis Terjual di Kapling2 kan.<br><br>Dalil Aksi di Awali Memberikan Srt Teguran Ttg Ada Nya Sertipikat Hak Pakai SHP No 30/ 01. &amp; SHP No 13. Milik Pemprov Lampung  Yg Tentunya di Dlm Buku Sertipikat itu Ada No Induk Bidang Tanah/Letak Possi Wilayah Nya.<br><br>Namun Di MEP Nya di Ubah² Letak Posisi Nya Oleh Oknum² BPN Kab Lampung Selatan &amp;&#39;Oknum² BPN Kota Bandar Lampung Utk Memanipulasi &amp; MELEGALKAN Penyerobotan Tanah Rakyat.<br><br>Rakyat Enggan Utk Melapor di Polda Lampung Ttg Perusakan 43 Rumah Mereka Itu. Khawatir di Kriminalisasi Oleh Fahrizal Darminto CS.<br><br>Melalui LBH Rakyat Lampung Masarakat Hanya Mengajukan Gugatan (PMH) di PN Tjg Karang Perkara No 254/Pdt.G/2025. Tgl 16&#39;Oktober 2025.<br><br>Semoga Kputusan Hakim yg Mengadilinya Dpat Menolong Rakyat Yg Tertindas Penguasa yg BERLINDUNG di Pemprov Lampung, Kebal Hukum &amp; Dapat Membeli Kputusan Hakim...",korupsiaset tanah milik pemprov lampung sertipikat hak pakai shp no  desa sabah balau lampung selatan  habis terjual di kaplingkandi duga di jual  fahrizal darminto cs mantan sekda prov lampung pemecahan sertipikat shp no  itu di ajukan oleh morindo kurniawan kepala bpkad prov lampung kini menjabat sekda prov lampung di duga ada mens rea nyabukti arsip ada di kantor bpn kab lampung selatanpemecahan sertipikat shp no  itu di bagikan pada pegawai di pemprov lampung yg lunas bayar di potong gajih amp kini resah minta balik nama sertipikat nyakorupsi menjual aset pemprov lampung itunegara  pemprov lampung di rugikan rp  m enam puluh lima miliyar rupiahtanah masarakat penggarap yg telah di kelola  di garap sejak thn  ampmemiliki srt alas hak nya yg lokasi nya berbatasan dgn  tanah sertipikat shp no  itu pada tgl   jadi sasaran di serobot paksa dgn kekerasan amp telah menghancurkan  rumah tempat tinggal milik masarakat peenggarap  pakai alat eksavator tanah milik masyarakat penggarap itu di serobot utk menggantikan aset tanah pemprov lampung yg telah habis terjual di kapling kandalil aksi di awali memberikan srt teguran ttg ada nya sertipikat hak pakai shp no   amp shp no  milik pemprov lampung  yg tentunya di dlm buku sertipikat itu ada no induk bidang tanahletak possi wilayah nyanamun di mep nya di ubah letak posisi nya oleh oknum bpn kab lampung selatan ampoknum bpn kota bandar lampung utk memanipulasi amp melegalkan penyerobotan tanah rakyatrakyat enggan utk melapor di polda lampung ttg perusakan  rumah mereka itu khawatir di kriminalisasi oleh fahrizal darminto csmelalui lbh rakyat lampung masarakat hanya mengajukan gugatan pmh di pn tjg karang perkara no pdtg tgl oktober semoga kputusan hakim yg mengadilinya dpat menolong rakyat yg tertindas penguasa yg berlindung di pemprov lampung kebal hukum amp dapat membeli kputusan hakim,Negative,-1
"Percayalah,kita hanya sedang di manfaatkan oleh Trump dan Netanyahuu..<br>Ketika mereka udah dapat apa yang mereka mau,kita juga di anggap sampah..",percayalahkita hanya sedang di manfaatkan oleh trump dan netanyahuuketika mereka udah dapat apa yang mereka maukita juga di anggap sampah,Neutral,0
Kebijakan GOBLOK,kebijakan goblok,Negative,-1
"<b>Hapuskan PAJAK dan RIBA</b><br><br>Ada 2 langkah terobosan yang bisa dilakukan oleh pemerintah, yaitu :<br><br>1. Hapuskan pajak PPn &amp; PPh.<br>2. Suku bunga bank (BI rate) 0%.<br><br>Penerimaan Negara bisa didapatkan dari : <br>1. Bagi hasil sektor pertambangan dan oil/gas <br>2. Setoran tahunan dari BUMN (sekitar 3% sd 10% dari revenue BUMN)<br>3. Bea Ekspor &amp; Bea Impor (sekitar 10% sd 30%)<br>4. Cukai dari beberapa produk<br>5. Biaya menyimpan uang di Bank (sekitar 1% per tahun)<br><br>Semua BUMN Strategis, BUMN besar, BUMN yg menguasai hidup orang banyak dan BUMN penghasil uang serta semua Industri Strategis harus dimiliki dan dikuasai 100% oleh Negara.<br><br>Semua Pertanian besar dan Perkebunan besar harus BUMN. Semua Perkebunan sawit swasta yg menggunakan lahan HGU sudah saatnya diambil alih oleh Negara dan dijadikan BUMN.<br><br>Semua Perusahaan2 yg menguasai hidup orang banyak, Perusahaan yg monopoli harus dijadikan BUMN. Contoh misalnya, Perusahaan industri pakan ternak untuk makanan ayam/ikan harus dijadikan BUMN. Pada saat ini hampir semua Perusahaan pakan ternak pemiliknya asing (PMA). Begitupula disektor waralaba, Indomaret dan Alfamart harus BUMN atau BUMD atau Koperasi. <br><br>Jika Perusahaan2 swasta tsb tidak mau untuk dijadikan BUMN, maka Negara harus mencabut izin operasionalnya. <br><br>Langkah-langkah BUMNisasi ini dapat didetailkan secara komprehensif dan tepat. <br><br>BUMNisasi ini bukan berarti semua perusahaan swasta di BUMN kan, tetapi hanya perusahaan2 yg sesuai kriteria seperti yg tercantum dalam Pasal 33 UUD 1945.<br><br>Sesuai Pasal 33 UUD 1945 terkait hajat hidup orang banyak, semua Perusahaan transportasi umum (publik) harus dikuasai dan dimiliki oleh Negara melalui BUMN, seperti untuk angkutan udara (PT Garuda Indonesia), angkutan laut (PT PELNI), angkutan kereta api (PT KAI). Tidak boleh ada satupun Perusahaan swasta terlibat disektor ini.<br><br>Untuk program penghapusan PPn &amp; PPh, dalam implementasinya dapat juga dilakukan dg strategi penurunan bertahap. Misalnya pada tahun ini PPn dipatok 8%, tahun depan diturunkan menjadi 5%, tahun selanjutnya 2%, dan akhirnya 0%. Begitupula PPh diturunkan dg bertahap sampai akhirnya 0%.<br><br>Karena pajak sudah dihapuskan, maka salah satu cara BUMNisasi ini misalnya memilih opsi BOT (Build-Operate-Transfer) atau bisa juga perjanjian bagi hasil dan akhirnya BOT, dlsb.<br><br>Untuk perusahaan2 oil/gas dan pertambangan dimana kadang2 membutuhkan biaya besar dan sarat dg teknologi, maka pemiliknya dibolehkan swasta (PMDN/PMA) dengan syarat diterapkan opsi bagi hasil dimana perusahaan tsb harus setor kepada Negara sekitar 3% sd 10% dari revenue. Jika perusahaan tsb tidak mau dan tidak bersedia dg opsi tsb, maka izinnya dicabut. Untuk Perusahaan Pertambangan Batubara dan Perusahaan Pertambangan &quot;Rare Earth Minerals&quot; semuanya harus BUMN, tidak boleh ada satupun yg swasta.<br><br>Semua BUMN ini tidak boleh diperjual belikan dibursa saham artinya tidak boleh Tbk. <br><br>Semua BUMN ini harus efisien dan harus dikendalikan dengan cermat. Capex &amp; Opex semua BUMN harus di check &amp; review dan efisien. Setoran ke Negara harus fixed sekian persen dari revenue. Ini bisa ditentukan dan dipatok terhadap suatu BUMN dan menjadi KPI jajaran Direksi. <br><br>Setoran BUMN ini bukan berdasarkan profit tetapi berdasarkan percentage dari revenue, misalnya 3% sd 10% dari revenue, seperti PT Pertamina harus menyetor ke Negara sebesar Rp.120 triliun/tahun, PT Telkom, PT Telkomsel, PT Indosat masing2 menyetor Rp.100 triliun/tahun, PT Aneka Tambang Rp.95 triliun/tahun, begitu juga dengan BUMN2 yg lainnya.<br><br>Banyak dana BUMN yg hanya diparkir saja di bank. Dan dari dulu, strategi BUMN untuk mendapatkan keuntungannya adalah salah satunya dari hasil bunga bank atau deposito dan main Valas (Valuta asing). Dan untuk kedepannya hal ini tidak boleh lagi terjadi. <br><br>Jika suatu BUMN tidak bisa berjalan seperti kriteria yang disebutkan diatas maka berarti jajaran Direksi di BUMN tsb tidak kompeten dan harus diganti.<br><br>Sistem Kapitalis &amp; Liberal harus dihilangkan, karena akan berujung pada monopoli yg dilakukan per-orangan atau kelompok yg hanya dikuasai segelintir orang yg disebut konglomerat. <br><br>Negara tidak boleh tersandera oleh para pengusaha atau konglomerat tsb.<br><br>Yang boleh menjadi Konglomerat dan monopoli itu harus Negara (BUMN, BUMD) atau Koperasi.<br><br>Direktorat Jenderal Pajak akan kita bubarkan atau diperkecil jumlah personilnya, sedangkan Direktorat Jenderal Bea Cukai akan kita perkuat dan perbesar karena Indonesia Negara Kepulauan.<br><br>Untuk Cukai dan Bea Ekspor/Impor akan kita atur dengan cara tersendiri misalnya Bea Impor (Import Duty) untuk sembilan bahan pokok dan obat2an akan kita naikkan tarifnya sehingga ekonomi dalam negeri terutama Pertanian, Peternakan, Perikanan dan industri makanan serta obat2an akan maju dengan pesat, misalnya Tarif Bea Masuk (Import) untuk daging sapi, daging ayam dan buah2an 50%.<br><br>Bila ketahanan ekonomi didalam negeri rapuh dan tidak stabil, maka impor harus dihentikan (stop import).<br><br>Begitupula terkait ekspor, kita harus membatasi ekspor produk CPO, tekstil, karet, plastik, polimer, zat warna, pestisida, semen dll, supaya alam negeri ini tetap natural dan industri2nya Ramah Lingkungan.<br><br>Bila langkah2 tsb terkendala oleh aturan WTO, maka keluar saja dari WTO.<br><br>Terkait dengan Perbankan, maka sasaran akhirnya adalah penghapusan bunga bank.<br><br>Ganti mata uang rupiah dengan mata uang emas (dinar).<br><br>Sesuai Pasal 33 UUD 1945, maka Semua Bank harus BUMN, tidak boleh ada satupun Bank Swasta. <br><br>Pemerintah harus mentargetkan untuk menurunkan BI rate, kemudian diikuti oleh penurunan suku bunga deposito dan suku bunga kredit perbankan, menjadi maksimal 3% pada tahun ini, 1% tahun depan, dan 0.5% di tahun berikutnya. Sampai akhirnya bunga bank hilang dibumi Indonesia. <br><br>Fungsi utama bank bukanlah untuk mengumpulkan uang masyarakat. Menyuruh masyarakat menabung di bank adalah ide bodoh dan tidak mendidik. Rakyat di didik supaya jangan boros dan tidak ber-foya2.<br><br>Untuk kedepannya, fungsi bank harus diubah misalnya bank bertugas untuk membayar uang pensiun PNS/TNI Polri, payroll penggajian PNS/TNI-Polri, untuk transaksi2 pembayaran, transaksi jual beli, e-money, dan lain2 sejenisnya. Bank berfungsi bukan untuk menyalurkan kredit. <br><br>Semua transaksi pembayaran digital harus lewat e-money perbankan yg semuanya BUMN. Tidak boleh ada satupun alat pembayaran digital yg dikeluarkan oleh swasta.<br><br>Siapa yg menyimpan uang di bank dikenakan biaya administrasi, misalnya 1% per tahun, hampir samalah fungsinya dengan &quot;Safe Deposit Box&quot; dimana dikenakan biaya untuk menyimpan barang.<br><br>Substansinya adalah bank bukan tempat menyimpan uang. Rakyat jangan diajarkan dan dibiasakan memakan riba. Rakyat dipaksa untuk memutar uangnya sendiri, mungkin dg cara wiraswasta, koperasi dlsb.<br><br>Pemerintah harus berusaha sungguh2 supaya Perbankan beroperasi secara syariah, sehingga akhirnya riba hilang dari bumi Indonesia.<br><br>Indonesia adalah Negeri yg kaya raya, lengkap dg pertanian, perkebunan, perikanan, kelautan &amp; pertambangannya, iklimnya yg tidak mengenal 4 musim, alamnya yg luas dan indah, suku bangsa &amp; budayanya yg beraneka ragam dg jumlah penduduknya yg besar sehingga bisa menjadi pasar (market) tersendiri. <br><br>Ekonomi dan Teknologi harus mengacu dan disesuaikan dg kebutuhan dan potensi2 yg ada di Negeri sendiri.<br><br>Industri2 di Negeri ini tidak boleh tergantung kepada sumber bahan baku yg di import, karena Negeri ini bukan pasar negara lain.<br><br>Singkat kata Indonesia adalah Negara yang &quot;Self Generating &amp; Self Regulating&quot; artinya Negara ini sangat bisa untuk menjadi Negara yg mandiri dalam segala hal, dan jika Indonesia di-embargo malah bisa maju lebih cepat menjadi Negara mandiri, makmur dan sejahtera.<br><br>Inilah Konsep Ekonomi Kerakyatan sesuai Pasal 33 UUD 1945.<br>-------------------------------------------<br>Kesimpulan :<br>1. Setiap orang tidak perlu lagi mempunyai kartu NPWP, artinya NPWP pribadi dihapuskan.<br>2. NPWP diwajibkan harus ada hanya untuk Perusahaan2 Importir/Eksportir dan Perusahaan2 yg memproduksi barang kena cukai.",hapuskan pajak dan ribaada  langkah terobosan yang bisa dilakukan oleh pemerintah yaitu  hapuskan pajak ppn amp pph suku bunga bank bi rate penerimaan negara bisa didapatkan dari   bagi hasil sektor pertambangan dan oilgas  setoran tahunan dari bumn sekitar  sd  dari revenue bumn bea ekspor amp bea impor sekitar  sd  cukai dari beberapa produk biaya menyimpan uang di bank sekitar  per tahunsemua bumn strategis bumn besar bumn yg menguasai hidup orang banyak dan bumn penghasil uang serta semua industri strategis harus dimiliki dan dikuasai  oleh negarasemua pertanian besar dan perkebunan besar harus bumn semua perkebunan sawit swasta yg menggunakan lahan hgu sudah saatnya diambil alih oleh negara dan dijadikan bumnsemua perusahaan yg menguasai hidup orang banyak perusahaan yg monopoli harus dijadikan bumn contoh misalnya perusahaan industri pakan ternak untuk makanan ayamikan harus dijadikan bumn pada saat ini hampir semua perusahaan pakan ternak pemiliknya asing pma begitupula disektor waralaba indomaret dan alfamart harus bumn atau bumd atau koperasi jika perusahaan swasta tsb tidak mau untuk dijadikan bumn maka negara harus mencabut izin operasionalnya langkahlangkah bumnisasi ini dapat didetailkan secara komprehensif dan tepat bumnisasi ini bukan berarti semua perusahaan swasta di bumn kan tetapi hanya perusahaan yg sesuai kriteria seperti yg tercantum dalam pasal  uud sesuai pasal  uud  terkait hajat hidup orang banyak semua perusahaan transportasi umum publik harus dikuasai dan dimiliki oleh negara melalui bumn seperti untuk angkutan udara pt garuda indonesia angkutan laut pt pelni angkutan kereta api pt kai tidak boleh ada satupun perusahaan swasta terlibat disektor iniuntuk program penghapusan ppn amp pph dalam implementasinya dapat juga dilakukan dg strategi penurunan bertahap misalnya pada tahun ini ppn dipatok  tahun depan diturunkan menjadi  tahun selanjutnya  dan akhirnya  begitupula pph diturunkan dg bertahap sampai akhirnya karena pajak sudah dihapuskan maka salah satu cara bumnisasi ini misalnya memilih opsi bot buildoperatetransfer atau bisa juga perjanjian bagi hasil dan akhirnya bot dlsbuntuk perusahaan oilgas dan pertambangan dimana kadang membutuhkan biaya besar dan sarat dg teknologi maka pemiliknya dibolehkan swasta pmdnpma dengan syarat diterapkan opsi bagi hasil dimana perusahaan tsb harus setor kepada negara sekitar  sd  dari revenue jika perusahaan tsb tidak mau dan tidak bersedia dg opsi tsb maka izinnya dicabut untuk perusahaan pertambangan batubara dan perusahaan pertambangan quotrare earth mineralsquot semuanya harus bumn tidak boleh ada satupun yg swastasemua bumn ini tidak boleh diperjual belikan dibursa saham artinya tidak boleh tbk semua bumn ini harus efisien dan harus dikendalikan dengan cermat capex amp opex semua bumn harus di check amp review dan efisien setoran ke negara harus fixed sekian persen dari revenue ini bisa ditentukan dan dipatok terhadap suatu bumn dan menjadi kpi jajaran direksi setoran bumn ini bukan berdasarkan profit tetapi berdasarkan percentage dari revenue misalnya  sd  dari revenue seperti pt pertamina harus menyetor ke negara sebesar rp triliuntahun pt telkom pt telkomsel pt indosat masing menyetor rp triliuntahun pt aneka tambang rp triliuntahun begitu juga dengan bumn yg lainnyabanyak dana bumn yg hanya diparkir saja di bank dan dari dulu strategi bumn untuk mendapatkan keuntungannya adalah salah satunya dari hasil bunga bank atau deposito dan main valas valuta asing dan untuk kedepannya hal ini tidak boleh lagi terjadi jika suatu bumn tidak bisa berjalan seperti kriteria yang disebutkan diatas maka berarti jajaran direksi di bumn tsb tidak kompeten dan harus digantisistem kapitalis amp liberal harus dihilangkan karena akan berujung pada monopoli yg dilakukan perorangan atau kelompok yg hanya dikuasai segelintir orang yg disebut konglomerat negara tidak boleh tersandera oleh para pengusaha atau konglomerat tsbyang boleh menjadi konglomerat dan monopoli itu harus negara bumn bumd atau koperasidirektorat jenderal pajak akan kita bubarkan atau diperkecil jumlah personilnya sedangkan direktorat jenderal bea cukai akan kita perkuat dan perbesar karena indonesia negara kepulauanuntuk cukai dan bea eksporimpor akan kita atur dengan cara tersendiri misalnya bea impor import duty untuk sembilan bahan pokok dan obatan akan kita naikkan tarifnya sehingga ekonomi dalam negeri terutama pertanian peternakan perikanan dan industri makanan serta obatan akan maju dengan pesat misalnya tarif bea masuk import untuk daging sapi daging ayam dan buahan bila ketahanan ekonomi didalam negeri rapuh dan tidak stabil maka impor harus dihentikan stop importbegitupula terkait ekspor kita harus membatasi ekspor produk cpo tekstil karet plastik polimer zat warna pestisida semen dll supaya alam negeri ini tetap natural dan industrinya ramah lingkunganbila langkah tsb terkendala oleh aturan wto maka keluar saja dari wtoterkait dengan perbankan maka sasaran akhirnya adalah penghapusan bunga bankganti mata uang rupiah dengan mata uang emas dinarsesuai pasal  uud  maka semua bank harus bumn tidak boleh ada satupun bank swasta pemerintah harus mentargetkan untuk menurunkan bi rate kemudian diikuti oleh penurunan suku bunga deposito dan suku bunga kredit perbankan menjadi maksimal  pada tahun ini  tahun depan dan  di tahun berikutnya sampai akhirnya bunga bank hilang dibumi indonesia fungsi utama bank bukanlah untuk mengumpulkan uang masyarakat menyuruh masyarakat menabung di bank adalah ide bodoh dan tidak mendidik rakyat di didik supaya jangan boros dan tidak berfoyauntuk kedepannya fungsi bank harus diubah misalnya bank bertugas untuk membayar uang pensiun pnstni polri payroll penggajian pnstnipolri untuk transaksi pembayaran transaksi jual beli emoney dan lain sejenisnya bank berfungsi bukan untuk menyalurkan kredit semua transaksi pembayaran digital harus lewat emoney perbankan yg semuanya bumn tidak boleh ada satupun alat pembayaran digital yg dikeluarkan oleh swastasiapa yg menyimpan uang di bank dikenakan biaya administrasi misalnya  per tahun hampir samalah fungsinya dengan quotsafe deposit boxquot dimana dikenakan biaya untuk menyimpan barangsubstansinya adalah bank bukan tempat menyimpan uang rakyat jangan diajarkan dan dibiasakan memakan riba rakyat dipaksa untuk memutar uangnya sendiri mungkin dg cara wiraswasta koperasi dlsbpemerintah harus berusaha sungguh supaya perbankan beroperasi secara syariah sehingga akhirnya riba hilang dari bumi indonesiaindonesia adalah negeri yg kaya raya lengkap dg pertanian perkebunan perikanan kelautan amp pertambangannya iklimnya yg tidak mengenal  musim alamnya yg luas dan indah suku bangsa amp budayanya yg beraneka ragam dg jumlah penduduknya yg besar sehingga bisa menjadi pasar market tersendiri ekonomi dan teknologi harus mengacu dan disesuaikan dg kebutuhan dan potensi yg ada di negeri sendiriindustri di negeri ini tidak boleh tergantung kepada sumber bahan baku yg di import karena negeri ini bukan pasar negara lainsingkat kata indonesia adalah negara yang quotself generating amp self regulatingquot artinya negara ini sangat bisa untuk menjadi negara yg mandiri dalam segala hal dan jika indonesia diembargo malah bisa maju lebih cepat menjadi negara mandiri makmur dan sejahterainilah konsep ekonomi kerakyatan sesuai pasal  uud kesimpulan  setiap orang tidak perlu lagi mempunyai kartu npwp artinya npwp pribadi dihapuskan npwp diwajibkan harus ada hanya untuk perusahaan importireksportir dan perusahaan yg memproduksi barang kena cukai,Neutral,0
Ir. Andri Kurniawan mengatakan kita harus setia pada Prabowo,ir andri kurniawan mengatakan kita harus setia pada prabowo,Neutral,0
"Yaa Allah, semoga langkah ini menjadi langkah yang terbaik untuk kemerdekaan Bangsa Palestina. <br>Yaa Allah lindungilah dan jagalah saudara-saudari kami yang berada di Palestina. Dan semoga bapak Presiden Prabowo selalu dalam lindungan Allah. Aamiin",yaa allah semoga langkah ini menjadi langkah yang terbaik untuk kemerdekaan bangsa palestina yaa allah lindungilah dan jagalah saudarasaudari kami yang berada di palestina dan semoga bapak presiden prabowo selalu dalam lindungan allah aamiin,Positive,3
"Bapak Presiden Tolong jalan tol Cilegon - Anyer bisa segera di bangun juga Stasiun kereta Api Anyer Kidul Pariwisata Anyer-Banten juga bisa di bangun kembali Bapak Presiden Prabowo Subianto karena Stasiun Kereta Api Anyer Kidul Daerah Pariwisata Anyer-Banten Punya sejarah panjang Bapak Presiden,terimakasih sehat panjang umur Bapak Presiden Prabowo Subianto❤❤❤❤❤🇮🇩🇮🇩🇮🇩🇮🇩🇮🇩🙏🙏🙏🙏🙏❤",bapak presiden tolong jalan tol cilegon  anyer bisa segera di bangun juga stasiun kereta api anyer kidul pariwisata anyerbanten juga bisa di bangun kembali bapak presiden prabowo subianto karena stasiun kereta api anyer kidul daerah pariwisata anyerbanten punya sejarah panjang bapak presidenterimakasih sehat panjang umur bapak presiden prabowo subianto,Positive,1
